27,https://x.wuxoo4.com/mp4/766071a76df27e98bf832dec4abe2aed.mp4,高颜值骚货少妇_和炮友在酒店啪啪大秀_骑在头上让男的吃逼逼_口交6
28,https://x.wuxoo4.com/mp4/4cbcb3bcb1607b66849ddc561b00f679.mp4,身材丰满的长发骚货少妇办公室和炮友啪啪秀
29,https://x.wuxoo4.com/mp4/c18c352e8580bc4d1fab94f5ac6ef826.mp4,深夜路边约到丰满小妹 原来是个骚货到酒店就放开自我开干了
29,https://x.wuxoo4.com/mp4/2547c2eb783f169f5a04fb8221b8d410.mp4,骚货少妇玩4P卫生间轮流口交,边骑乘后入边舔JJ
36,https://x.wuxoo4.com/mp4/791069637ee76d15356403d4b20a179a.mp4,tek-079制服妹子是个小骚货 学校医务室引诱男医生干逼女上位磨好久
38,https://x.wuxoo4.com/mp4/ec7d4d9f8d7f26cddf4859824321ef6d.mp4,穿情趣装的小骚货勾引猛男上门啪啪，露脸口活这技术没得说非常骚还玩69，主动上位抽插自己揉奶子，呻吟可射
51,https://x.wuxoo4.com/mp4/167dc0b64c38156e7870650044faf55d.mp4,国内某会所疯狂场面性感金髮小骚货脱光光的轮流伺候中年大叔自拍视频流出
56,https://x.wuxoo4.com/mp4/acc606d502286f038b8f7337a10cb787.mp4,性感小骚货酒店玩起3P一点都满足不了她的欲望
70,https://x.wuxoo4.com/mp4/7540f0d0b7dc0442716e09da69d95079.mp4,CWPBD-53 娇媚骚货身穿黑丝袜激情和肌肉男玩3P 騷屄洞裡轮流抽插如泉水湧出
88,https://x.wuxoo4.com/mp4/a7afdcc94424db28871e2907b46bae57.mp4,精液漱口最真实口爆：朋友在外面喝酒，我在里屋操好身材巨乳小情人小骚货一个
99,https://x.wuxoo4.com/mp4/da1e8398f3f52363e64a107776d31a43.mp4,大神隔壁小哥情趣主题酒店大战和服黑丝开裆小骚货多体位变换肏的小贱人尖叫不停说好爽无套内射国语对白
109,https://x.wuxoo4.com/mp4/f14e6f55b86cffa6aa8e4fba14f53a0f.mp4,淫荡性感骚货喜欢舔男友的包皮鸡巴口交著包茎的感觉像肛交
116,https://x.wuxoo4.com/mp4/e24c7fcc6dbff45276707077cf89aaa1.mp4,带着骚货玩个户外大街上漏出按着她的头口交不时有行人路过好刺激来到车上露脸激情口交爆草骚货的呻吟都能让你射
144,https://x.wuxoo4.com/mp4/11348308684748f477a9974f2283e906.mp4,司机小王趁老板开会的时候和他姘头在会所房间偷情骚货上位扭屁股很淫骚
151,https://x.wuxoo4.com/mp4/20951de725790f8b2d7f4756214d3e8a.mp4,穿着情趣装的骚货到处为男人服务
152,https://x.wuxoo4.com/mp4/7efa5a33453e90a8818b0e6635adfc75.mp4,骚货被日的水还蛮多的 叫声也大
156,https://x.wuxoo4.com/mp4/a89081b624b29e38ada53b029d575995.mp4,美女同事被用肉棍不断的翘开嫩逼 屌的骚货呻吟不断
164,https://x.wuxoo4.com/mp4/4e5877d2727ecaea9a23d0927e31c22a.mp4,男的大鸡巴 插到穿丝袜的骚货的逼里 抽插的很是猛烈
166,https://x.wuxoo4.com/mp4/5d894373987ad5b55de1daa08ef02ce0.mp4,干的骚货直接潮吹 直接喷射在脸上
166,https://x.wuxoo4.com/mp4/32dbcd56a24de0444533fd976228a21e.mp4,户外屌开了骚货的逼 逼里全是淫水 舔的操的都是很舒服的
166,https://x.wuxoo4.com/mp4/1b2a6af90c1c2180b573838500597341.mp4,和好朋友一起来屌骚货骚货被屌很享受的样子
169,https://x.wuxoo4.com/mp4/0e81bc18658cdeac087bdd00e97fe833.mp4,屌的骚妇一副很享受的样子 干的骚货直接潮吹了
178,https://x.wuxoo4.com/mp4/fdb4d7d655a21ba3d214004648ef582c.mp4,骚货有着让人看到就想有犯罪感的巨乳和屁眼
181,https://x.wuxoo4.com/mp4/91c228184084c34c76fbecb4e2d9cf56.mp4,一个骚货的心 让骚货瞬间进入了高潮 直接潮吹一个骚货的心 让骚货瞬间进入了高潮 直接潮吹
181,https://x.wuxoo4.com/mp4/699577a093c0b09423e86e5ee80d8598.mp4,老骚货太给力了还吞精
188,https://x.wuxoo4.com/mp4/07cda6b023559bfdc8dd2c6f0072142c.mp4,毛多的骚货叫得不行
211,https://x.wuxoo4.com/mp4/69375751a87a519598443491c412f390.mp4,骚货女友每天一下班就勾搭我操她
214,https://x.wuxoo4.com/mp4/988fd23122aa3c827fff70acbb51aab2.mp4,单位新来的女大学生开房骚货的逼毛茂密性欲强嘴里说不要下面夹着鸡巴不放
221,https://x.wuxoo4.com/mp4/139d60e02f9eecdafb6340587fe65da5.mp4,周末约隔壁小骚货出来玩jj钻洞
225,https://x.wuxoo4.com/mp4/b3340ef4e5ba954407af59ec322e9d60.mp4,超级骚货黑丝高跟 中途她姐姐来电话约一起操
231,https://x.wuxoo4.com/mp4/6c1073da25030e60a8f7309f4281b430.mp4,黑木耳骚货狐狸尾菊花自慰上部
239,https://x.wuxoo4.com/mp4/5a92792c443ef14198843e49e4d5da34.mp4,透明衣的小骚货叫男友帮她在浴室里拍全身纪录片
247,https://x.wuxoo4.com/mp4/b9c2e7416919ed96ff4424bd6341a201.mp4,大鸡巴老公屌着骚货 直接插的很舒服
249,https://x.wuxoo4.com/mp4/562e8fee0106cf709fa3ad59ad559b8d.mp4,穿黑丝开档钉子裤的骚货
252,https://x.wuxoo4.com/mp4/b34789ecb874ebf1fa76011d2b8ae7e1.mp4,屌的骚货一副满足的样子 内射了不少
252,https://x.wuxoo4.com/mp4/68dcfbe14ef7bb6976812a62f2f64329.mp4,抽射在骚货身上 油彩弄的到处都是
254,https://x.wuxoo4.com/mp4/93c011c2a79b680a73c7dff63b3d1018.mp4,骚货很滋润也很满足 最后颜射了不少
254,https://x.wuxoo4.com/mp4/a34ede41e71627a9895efbc9364c45bf.mp4,骚货很滋润也很满足
254,https://x.wuxoo4.com/mp4/efab0161f5e69f5850d67a578e765282.mp4,男友很猛操的骚货高潮来了
256,https://x.wuxoo4.com/mp4/d21cf356a93fb6119a7a749d9d4aaa3c.mp4,干的骚货直接潮吹了
264,https://x.wuxoo4.com/mp4/6cfb18edacfcf63a21c75be0ddc2dd61.mp4,骚货口活不错吸取男子的精子真骚
265,https://x.wuxoo4.com/mp4/b3779c01b0b8c0d79d36101a154b4b2a.mp4,群p屌的骚货很满足的样子
271,https://x.wuxoo4.com/mp4/91fdd41cf0139040e59bc69be2875106.mp4,骚货秒入高潮 精子全射到逼里去了
271,https://x.wuxoo4.com/mp4/26420144667bcc8e579da754c28887c4.mp4,日的骚货很享受的感觉
271,https://x.wuxoo4.com/mp4/4f54abd12b463a983c450ebf45c86b81.mp4,猛烈的各种屌 屌的骚货一直喊叫
271,https://x.wuxoo4.com/mp4/5cd0a4d8e28aee60b81950244ad102ab.mp4,萝莉骚货翘着自己的靓逼等大肉棍
272,https://x.wuxoo4.com/mp4/e8975b13c5293750514b6184a566a8f4.mp4,操爆他的骚逼真爽骚货很满足
274,https://x.wuxoo4.com/mp4/92eac1b722cb34ab1be2795f2c3bdc61.mp4,顶的骚货秒入高潮 精子全射到逼里去了
273,https://x.wuxoo4.com/mp4/04561f26cba4942b76fb7a1d7f9fb7a5.mp4,开始不停的啪啪啪 干的骚货水多流出来了
273,https://x.wuxoo4.com/mp4/6df0ff3e6011b0b9bb3fda5aaa24e757.mp4,换插屁眼干的骚货直接进入高潮
273,https://x.wuxoo4.com/mp4/d55f2bd5b76885186aa83f9fca184800.mp4,和骚货在房间里干的很嗨很激情
275,https://x.wuxoo4.com/mp4/4c49e5e8450d706dd242b53d27163f4d.mp4,用鸡巴满足骚货的感受 直接潮吹
275,https://x.wuxoo4.com/mp4/e2af25ea4ebce239ddee8da176e1ca02.mp4,不断的抽插直接把骚货弄进性高潮 直接潮吹
275,https://x.wuxoo4.com/mp4/207d5a4fa8591c344c67282a4e680709.mp4,把骚货弄进性高潮 直接潮吹
275,https://x.wuxoo4.com/mp4/40f0614586a9c6e98962d66d4c3fcbce.mp4,骚货不停浪叫
280,https://x.wuxoo4.com/mp4/59447efc8cf9cf768f71c8c5c698d540.mp4,完美露脸非常火热的空姐骚货与身材健硕男啪啪啪肏的她说好爽哦有对白
289,https://x.wuxoo4.com/mp4/ad64925df2cb5862a629aaa977c696f1.mp4,干的骚货叫的很猛烈 抽插的也很爽
289,https://x.wuxoo4.com/mp4/55318da1c64802f18d8aaeb172522e12.mp4,95年的小骚货 张开嫩逼等男人顶进去操的很深很紧
288,https://x.wuxoo4.com/mp4/33b934c11b9194628c72b882e45be076.mp4,猛烈的插入 弄的骚妇呻吟声很大 骚货的逼逼都是湿
288,https://x.wuxoo4.com/mp4/8927d900adb04dc023d70ffef6ac38ad.mp4,进进出出干的骚货还是蛮享受的样子
288,https://x.wuxoo4.com/mp4/7b7ed6e833e8786a56ea2bac3ad6828b.mp4,将骚货顶的还是蛮深的 屌的骚货很享受的样子
288,https://x.wuxoo4.com/mp4/b662bda5eecd2fe87ced701c793fafd0.mp4,多姿势暴力抽插干的小骚货啊啊浪叫
293,https://x.wuxoo4.com/mp4/a9158db58f5649eba0bed126e0fa617b.mp4,穿校服的骚货 被弄开裙子之后 直接用大肉棒子
296,https://x.wuxoo4.com/mp4/fbe887c76b63804b53feaabc77ee8ee8.mp4,感觉到一股浓烈的感觉 被骚货不断舔食
296,https://x.wuxoo4.com/mp4/ee7606401966b7aa0b6a14ad8e240cb2.mp4,骚货一副很满足的样子 直接被屌的死去活来 干的很享
296,https://x.wuxoo4.com/mp4/a75f96ce1fe0bc7cc7d58d1d049e6650.mp4,骚货一直在狂叫 操的很舒服的感觉
297,https://x.wuxoo4.com/mp4/359fb5ffe3a6618d7ed82af55ec674f3.mp4,操得骚货像蹦迪一样
302,https://x.wuxoo4.com/mp4/700fac2192b3461a3a8a9bee7a6d1d9a.mp4,疯狂3P爆操骚浪丝袜淫妻 两个J8轮操红肚兜小骚货
303,https://x.wuxoo4.com/mp4/cac2b2b5cfec1b5cfbccb0ff264178d6.mp4,轮流干着骚货 一根根的肉棍在排队的来干骚货
303,https://x.wuxoo4.com/mp4/a78956352d43f9d2a8444fd065cfbdfa.mp4,骚货炼成记 张开自己的骚逼等男人用肉棍不断的抽插直接把骚货弄进性高潮 直接潮吹
299,https://x.wuxoo4.com/mp4/328ef2ea950e95c550e2aa64b095c614.mp4,在海边日女人 日的还是蛮爽的 干的骚货一直在嗷嗷乱叫
299,https://x.wuxoo4.com/mp4/7bdb9728e044d5117ff7d80179203031.mp4,在教室把老师给日了 直接干的骚货嗷嗷乱叫 直接潮吹
298,https://x.wuxoo4.com/mp4/50f875cb47779df2620279d660d3c83f.mp4,直接屌的骚货嗷嗷乱叫
310,https://x.wuxoo4.com/mp4/212d786320b6bcdd4f8ad6fe1715081d.mp4,两个男人 在骚女身体上滴满了油 然后骚货很享受的样子 日的很舒服
306,https://x.wuxoo4.com/mp4/568bba24367ae385e5d3f1227206504c.mp4,喜欢盲操的骚货
306,https://x.wuxoo4.com/mp4/fb03522b18ea41a52661bc9ae0af1ddd.mp4,让骚货感受一下叫破喉咙都没有人知道的宾馆
312,https://x.wuxoo4.com/mp4/d9ba5a598665f4c87cdaf48391b80dc1.mp4,和炮友一起约好了开始直接在家里干炮 日的很爽很猛 日的骚货很享受的感觉 在家嗷嗷叫
313,https://x.wuxoo4.com/mp4/8fb0a9514f2d99bcd0cb3c2849bf3cd9.mp4,那滚烫的肉棍 和浓浓的精液射了骚货一身
307,https://x.wuxoo4.com/mp4/17185c64da4e511d2e3310b254191527.mp4,屌的骚货直接潮吹起来
307,https://x.wuxoo4.com/mp4/3020a21a42844eb6f4af6f4d9addaf8a.mp4,猥琐摄影师3P爆操高颜值国模齐可儿前裹后操干的小骚货不停浪叫
314,https://x.wuxoo4.com/mp4/53c1ba26fc23c35c02ebfe4e6af1d6e1.mp4,好久没过性生活 大鸡巴直接掏出来 干的骚货很爽很满足
320,https://x.wuxoo4.com/mp4/d7aa47c197b33b1a3bef49b176b42edc.mp4,日的骚货很享受的感觉 在家嗷嗷叫
315,https://x.wuxoo4.com/mp4/2f577aca4cf34b958e74c78204f91ce3.mp4,骚货被男人弄的潮吹
321,https://x.wuxoo4.com/mp4/079f417e14547996fd219a7b0aca0d2f.mp4,后入爽死 干的骚货淫叫连连 男人操的也很嗨
323,https://x.wuxoo4.com/mp4/f5f25a1ef1c129c27ddb2a0c860e305f.mp4,男领导的特殊关怀 用鸡巴直接屌的骚货各种叫 干的很爽
323,https://x.wuxoo4.com/mp4/54fc0c721191e6ba51a6875640cd345b.mp4,3根肉棍都插满了 骚货口里 逼里 嘴里都含满了男人的肉棍
322,https://x.wuxoo4.com/mp4/a204e4f0411f1ff73af1c72bff513413.mp4,穿网眼的少妇 被肉棍屌的很嗨 骚货一直在狂叫 操的很舒服的感觉
322,https://x.wuxoo4.com/mp4/8ded98e7495189219ff747e92b4187b1.mp4,操的骚货一直在呻吟 还一副很满足的样子
322,https://x.wuxoo4.com/mp4/3f45dae4b042006f4612e95a0165e409.mp4,操穿护士装的小骚货 一副很满足的样子
319,https://x.wuxoo4.com/mp4/a97eb7e68976e13ea37a8455f0ac72b2.mp4,骚女不断被肉棍要求在不同场合进行抽插屌的骚货
319,https://x.wuxoo4.com/mp4/68ab6be36916d929d7bb01acdf8341ee.mp4,甜美萝莉张开自己的嫩逼等大鸡巴就是一阵怼怼的骚货
325,https://x.wuxoo4.com/mp4/e18b2bd2a31eb7d828e9b923830853ef.mp4,3人玩的很开心的样子 2根肉肠屌的骚货
325,https://x.wuxoo4.com/mp4/eff05e7f395f2dc00482f1374d969241.mp4,特别举动骚货可真骚
326,https://x.wuxoo4.com/mp4/43fb266ab56596f5bbb7e9f641cf0568.mp4,怼的骚货一直在喊在叫 叫的很骚很浪
326,https://x.wuxoo4.com/mp4/04dd0a07e98917fb9aa135f1daf3db15.mp4,搞的骚货很呻吟很享受 精射了很多
326,https://x.wuxoo4.com/mp4/04f663e875b0561ef1b7508335151a82.mp4,内射巨臀肉丝骚货 干的骚货一副很满足很享受的样子
327,https://x.wuxoo4.com/mp4/91c327cd90e4b6216c5cf8e702d22994.mp4,两夫妻在床上就开始干了起来 弄的骚货一直在叫
332,https://x.wuxoo4.com/mp4/2aa74b1376045cec17d35e2e1f1dd1cc.mp4,骚货被屌完了就被弄的潮吹进入了性高潮不断的呻吟
333,https://x.wuxoo4.com/mp4/0e4dbd6849acd65a6ee75722f818464d.mp4,用大鸡巴滋润骚货的口和逼 男的也蛮享受的样子
334,https://x.wuxoo4.com/mp4/2937ebd9a5a6ab66d095dd3027b978b0.mp4,爆操胸射COS情趣黑丝美腿骚货肏的白浆泛滥听声就能撸
334,https://x.wuxoo4.com/mp4/f08486ba82e5858d71bb211d826af147.mp4,SM调教啪啪口爆风韵犹存的性感骚货
329,https://x.wuxoo4.com/mp4/e0de89efb6977725a3d8ad4496e48fd5.mp4,日的骚货都开始要男人快一点了 弄的水流了一床
329,https://x.wuxoo4.com/mp4/6354a762d7f35a4e874f79c2565bb548.mp4,骚货水流了好多 直接干的骚货全湿了
329,https://x.wuxoo4.com/mp4/f97225845206abcb99adea57e3839a05.mp4,随时随地都想要 骚货张开自己的浪逼在马路上就想要
336,https://x.wuxoo4.com/mp4/c3c4ba0958664c4400a45388cbad6905.mp4,骚货不惧多少狼全部轻松搞定
336,https://x.wuxoo4.com/mp4/7b11e3f582d4f36c3f4e84700e5a7549.mp4,骚女医师带着骚货女护士和病人大战
340,https://x.wuxoo4.com/mp4/75b0ab200e396133a77b13997cc0ab70.mp4,3P大战很嗨很爽 两个男人先后干的骚货直接喷了 很嗨很幸福
340,https://x.wuxoo4.com/mp4/eb8aca17f4990f38dd2b1a33697085ac.mp4,壮男猛男在出租房和骚货在家日
340,https://x.wuxoo4.com/mp4/0149d20e6b1d0a621a036871a7dfdd8c.mp4,和骚货啪啪啪 直接在房间里干的很嗨很激情
335,https://x.wuxoo4.com/mp4/62726b82d23771a118c864bda0d692a0.mp4,成年人的礼物拆开 就是被男人下半身的肉棍 轮流开始屌 屌的骚货挺舒服的
335,https://x.wuxoo4.com/mp4/ffb422f8cd1ac1efee189e662d7c18a3.mp4,穿性感的美女翘起屁股被大屌伺候的骚货一直很享受
338,https://x.wuxoo4.com/mp4/c1b1722acb810a2d7c85e6ba2d897b38.mp4,轮流翘起鸡巴 一起给骚货来品尝着其中的味道 射的骚货嘴上到处都是
343,https://x.wuxoo4.com/mp4/1f2a7eb4cbeb114933630c9284f9ca4e.mp4,脱掉衣服露出嫩逼直接一根肉棍插的骚货很陶醉
343,https://x.wuxoo4.com/mp4/edccb46b7b04b6f7acf1432fefe6f33a.mp4,微胖妹子被屌的一根肉棍插的骚货很陶醉享受的样子
342,https://x.wuxoo4.com/mp4/38739ab4568d419e1bb5529536ea9bd0.mp4,和动漫装束的骚货在床上操逼 操的骚货嗷叫声不断 直接喷了
341,https://x.wuxoo4.com/mp4/159bf5b757a73122626c4f400c83c2a7.mp4,骚货女友穿上丝袜就要鸡巴屌她
344,https://x.wuxoo4.com/mp4/b85673b1b6be8bc5ad844e82e91fed3b.mp4,轮流搞一个发情骚货搞的激情满满弄的骚货直接潮吹了
345,https://x.wuxoo4.com/mp4/1f70784d0a15ecfd520b19a8914f36e1.mp4,大鸡巴屌骚货 屌的嗷嗷乱叫 操的骚货直接要再来一次
345,https://x.wuxoo4.com/mp4/5a0e62a7be830c00771dbb8b421894f7.mp4,大鸡巴操的很是带劲 日的骚货秒入高潮
350,https://x.wuxoo4.com/mp4/1d9125aea84ae32d8ef0c71c7d59f739.mp4,非常火热的空姐骚货换炮友了大震动棒搞的欲仙欲死
351,https://x.wuxoo4.com/mp4/eba1ff0f7f0386f8e8a8d68887fa7fa2.mp4,集体排队操骚穴被不同肉棍捅操的骚货一直在呻吟
346,https://x.wuxoo4.com/mp4/37ba1f798ae3995258719c5460b0d896.mp4,非主流少年跟骚货小姐姐屌完后就开始猛烈的日
349,https://x.wuxoo4.com/mp4/e4b9f9694ea502d22b56c3d758fbbc45.mp4,野外群P 操的骚货们嗷嗷乱叫 干的还是蛮舒服的感觉
349,https://x.wuxoo4.com/mp4/3264c2b68d0cbead8d6112c5ce86ffb3.mp4,爱穿丁字裤的骚货 被大肉棍顶的还蛮深的 操的也很爽
349,https://x.wuxoo4.com/mp4/33bd32ca689c46d7da4282640200b6bd.mp4,逼眼插多了 换换插屁眼干的骚货直接进入高潮
352,https://x.wuxoo4.com/mp4/3edee7cc180c657a3b2ea00d93a4160a.mp4,完了射了不少精子在铁盘上 喂给骚货吃
352,https://x.wuxoo4.com/mp4/8c5850fa1334fca68d1bafd30dd51e8f.mp4,2根肉棍的夹击让骚货一副很满足很陶醉的样子
355,https://x.wuxoo4.com/mp4/bc0ea9e703ca1beeecbd83b24f1956c5.mp4,浓精射进骚货的逼里 整的骚货整个人都很舒服的样子
355,https://x.wuxoo4.com/mp4/a8a963ba2f13e39c56bcb6d7627673e3.mp4,野外操穴大集结 操的骚货很满足似的
355,https://x.wuxoo4.com/mp4/61ecebcdc0bcdc32242ddd266483f2ce.mp4,小骚货尽情享受大肉棍的 顶入 插的还是很深的
355,https://x.wuxoo4.com/mp4/76fb388d7e85d02d94a0548f69644dda.mp4,三人行3p 大战一根肉棍屌骚货和她的闺蜜 干的很嗨
353,https://x.wuxoo4.com/mp4/652df2ed9baa7d5cb6fbff2b405c5c48.mp4,要求用大肉棍征服了这个寂寞的骚货
353,https://x.wuxoo4.com/mp4/f2e058e06190d40f018de757b22b7a33.mp4,干的骚货流了不少的水
357,https://x.wuxoo4.com/mp4/af09222fcc902da37ff7752adefd2031.mp4,男老师和女同学情不自禁的在教室就开始日了起来 日的骚货潮吹了
357,https://x.wuxoo4.com/mp4/1d36600edb2348c0e967fe4afdbbbf1f.mp4,萝莉骚货翘着自己的靓逼等大肉棍就直接操了进来 喷了不少精液
357,https://x.wuxoo4.com/mp4/a5a140b589b836ac08b8d0d7e25fdbf6.mp4,两根木棍左右舔食完后 开始不停的啪啪啪 干的骚货水多流出来了
358,https://x.wuxoo4.com/mp4/c298f45b042130f820ec6083c8e97035.mp4,在床上干的骚货很卖力 操的也很爽的感觉
358,https://x.wuxoo4.com/mp4/105b51a73cd1ab0f7f42fdde97cd3cee.mp4,老公屌着骚货 插的很舒服
358,https://x.wuxoo4.com/mp4/e72720b68b96c0fa4c48f39d53ca0661.mp4,开档钉子裤的骚货 屌起来还是很刺激
356,https://x.wuxoo4.com/mp4/4030496a62a7b61f8dc84e4d8b8379dd.mp4,2个小伙开房3p双洞一起干骚货被搞的浪叫
356,https://x.wuxoo4.com/mp4/7bf1a759b9001917e8bef274dae93c97.mp4,用屌直接翘动骚货的心 干的还是蛮爽的
356,https://x.wuxoo4.com/mp4/501defdc7e2fd0ea7754aa82e9f67a83.mp4,洋鸡巴屌了小骚货 先是舔后是日
356,https://x.wuxoo4.com/mp4/1b04c0b3c679393774d04dd95f46e051.mp4,完了直接直接插进去 搞的骚货很爽
359,https://x.wuxoo4.com/mp4/1516331efe4b1b077a2fff9e98e66c48.mp4,铁链子锁住骚货 直接激情四射 浪叫声很大很淫荡
359,https://x.wuxoo4.com/mp4/78ef8e8332f1b915cc2a32a1960012d1.mp4,屌穿丝袜的骚货 洒上油 撕开丝袜
359,https://x.wuxoo4.com/mp4/7403ad034f84806a916807cc7202c254.mp4,与披肩美乳骚货青山绿水激情野战
348,https://x.wuxoo4.com/mp4/9735c9df4ae21b03c7a9fa6ec11e1b82.mp4,直接露出嫩逼一根肉棍插的骚货很陶醉很享受的样子
354,https://x.wuxoo4.com/mp4/2e8ea305b92adfdd2afc36da66fdc640.mp4,屌的骚货还是很舒服
354,https://x.wuxoo4.com/mp4/81d0d4a0bcb7bd3a4eb7d44881f3ebef.mp4,泄欲天使 被众男人的肉棍屌的很嗨的样子 完了射了不少精子在铁盘上 喂给骚货吃
354,https://x.wuxoo4.com/mp4/07dedadfeea92b7d711a6157611f0073.mp4,在房间里先干完了 又在浴室用鸡巴满足骚货的感受 直接潮吹
354,https://x.wuxoo4.com/mp4/50950d666bc71ad27479a43a9aff7e1d.mp4,和穿洞洞装的骚货 床上又是舔又是操
360,https://x.wuxoo4.com/mp4/c7b8741c596fc936db86cb42d391af8e.mp4,小情侣酒店自拍做爱视频流出骚货张开自己的穴 被男人无情的捅开
363,https://x.wuxoo4.com/mp4/9ad30715794b9fbae39583b2aeaa7178.mp4,熟妇黑肉棍 直接猛烈的捅进去干的骚货一直在浪叫
363,https://x.wuxoo4.com/mp4/42f78b40c3d4836d6b22ea32c202c4af.mp4,两个小骚货直接用口来安慰一根肉棒
364,https://x.wuxoo4.com/mp4/1899f56c057b63e32700756666fe1339.mp4,张开两腿拔出肉棍屌骚货 看着骚货满足的笑声 真想喷到她脸上都是
364,https://x.wuxoo4.com/mp4/755beee0f766480b3dd6df7f968b0f73.mp4,两根大香肠被骚货品尝的很舒服 喷了
370,https://x.wuxoo4.com/mp4/fd78bc3f3b9a2511acee414a94d5b54d.mp4,群喷颜射骚货用口含住一根根男人肉棍喷射的不少的粘液激情满满
370,https://x.wuxoo4.com/mp4/c35e0cef86829887b9d73aaf1cd37a47.mp4,肉棍的力量和骚女弄的骚货一直喊公事
370,https://x.wuxoo4.com/mp4/308dd50119c8fe43054dc8e8b943017c.mp4,屌网眼丝袜的骚货 大肉棍挺进去一直在呻吟
370,https://x.wuxoo4.com/mp4/3882a9c252db19092832c6793ad9c4ed.mp4,苍井空被弄的湿了骚货被男人弄的潮吹
370,https://x.wuxoo4.com/mp4/16882d2f16268acb00a1d539fcfcd14f.mp4,精子大餐用精子射在杯里骚货端喝 这杯精子饮料
370,https://x.wuxoo4.com/mp4/58563c3be20b9b49d99540d4007d1d39.mp4,绑住的骚货 在榻榻米被男人不断的挼搓
365,https://x.wuxoo4.com/mp4/c18e3448c7ca4e665f4a92653cd37258.mp4,干的骚货一副很满足的样子
365,https://x.wuxoo4.com/mp4/1c343215a8d6765635ab64dcb3746d2c.mp4,顶的很深很紧 面对骚货就是一炮 打的很猛很急的样子
365,https://x.wuxoo4.com/mp4/76b756bfd1ef1cadc3439f094d4609b6.mp4,后入学生妹 用大肉棒 直接后入插骚货 插完了后
365,https://x.wuxoo4.com/mp4/117533c53f2c554dcc718714f1cf89b8.mp4,千人搞计划骚货不断被肉棍要求在不同场合进行抽插
368,https://x.wuxoo4.com/mp4/ebb6e8776d323782087ef9eb0ce56e50.mp4,操的骚货呻吟着 最后内射完后还要求舔食肉肠
369,https://x.wuxoo4.com/mp4/1f5651c96ef0e121760927b6e518f52d.mp4,在出海的床上用肉棍屌着骚货们很激情
369,https://x.wuxoo4.com/mp4/c1ea68ac32da90044b899c601988125c.mp4,穿学生装的小骚货 被用自慰棒后就顶进去
369,https://x.wuxoo4.com/mp4/7b4cd02b96022590a12e0d5919349729.mp4,被接力上的骚货感受一堆肉棍一根根的来
369,https://x.wuxoo4.com/mp4/94c71de4282d6c5f31a17eb648f797b7.mp4,野外打炮才有激情 用大鸡巴在野外征服小骚货 屌的还是很快乐的
371,https://x.wuxoo4.com/mp4/ffb4dca6ff0d9d8d1ef5c9017f71f736.mp4,在沙发上 桌子上 床上一直干着骚货
374,https://x.wuxoo4.com/mp4/2ecc18a3400285c18d311669770188d1.mp4,一个个操 浇灌骚货的淫穴
373,https://x.wuxoo4.com/mp4/fe5615da9894d3c8f1ccfb7a6f0cb5a6.mp4,很久没有喷射了骚货直接用手弄的直接射
373,https://x.wuxoo4.com/mp4/2315cb6feb8c143c39b8fb3b454896a6.mp4,下完班后拔出大鸡巴直接捅的骚货很享受的样子
375,https://x.wuxoo4.com/mp4/e441ff5c046e6560823a9561f99561b3.mp4,骚货版白雪公主浪穴被无情的木棍矮人撑开
375,https://x.wuxoo4.com/mp4/30ac9961367763f028d5aebe244094f5.mp4,小骚货直接来到我的房间 舔肉棍
376,https://x.wuxoo4.com/mp4/470df083d16d2f6ea4609a9e75c913c4.mp4,硬硬的鸡巴被两个骚货舔的口水和淫液
376,https://x.wuxoo4.com/mp4/0632de47562291278a0cb2de1ab01d4d.mp4,骚货在家发骚等老公回来操
376,https://x.wuxoo4.com/mp4/27db0a3bf8e70aba293f1ca5ead63030.mp4,两位骚货都很舒服 3P很嗨还给力
376,https://x.wuxoo4.com/mp4/08639647894bbc381548e23a63a58a11.mp4,干的骚货一直在呻吟 里面射了不少
383,https://x.wuxoo4.com/mp4/6d37097e82f179ef73a566ebde556399.mp4,两骚货帮我舔肉棒感觉良好
383,https://x.wuxoo4.com/mp4/976d22a1f6dda9f7c6001489c555ca1b.mp4,双飞短发小骚货宾馆啪啪
378,https://x.wuxoo4.com/mp4/bae6befd795b7fd617b38ca0e4ee8fb3.mp4,黑人将整根肉肠直接塞到骚货的屁股里
378,https://x.wuxoo4.com/mp4/e2d385b86b28bef080be7f3850b02124.mp4,和同居男友早上起来一炮屌的骚货逼里全是精液
378,https://x.wuxoo4.com/mp4/bce7603915b474c3fd8d824c145a6e12.mp4,骚货一直在叫春 被操的日的进入了状态
378,https://x.wuxoo4.com/mp4/9f2ce06451482bd850a2daa637ac388d.mp4,精液收集器 把男人的全部液体都给这位骚货
378,https://x.wuxoo4.com/mp4/d0534cd79581ccad395f5ac4a6699eb0.mp4,将穿校服 穿丝袜的骚货屌到叫的不行
384,https://x.wuxoo4.com/mp4/9c89b1d6df6d7a5aed3299290df178d6.mp4,亚洲黑骚货勾引猛男
384,https://x.wuxoo4.com/mp4/73e49cde3cd516da10d4a7b4900ec54f.mp4,到阿姨家做客 结果被骚货阿姨勾引
379,https://x.wuxoo4.com/mp4/69256a5ccdf32012fc4f825bc19a8eb5.mp4,总经理和助理干起来喷到骚货的丝袜上
386,https://x.wuxoo4.com/mp4/dc5df0273bf1d1fe01cb515f1f64a1e3.mp4,搞的骚货一直在叫 一直在狂喷 射在体内
388,https://x.wuxoo4.com/mp4/98f3c79baeb9bd0ccbe26884ebba976a.mp4,和骚货老婆两人好久没干了
388,https://x.wuxoo4.com/mp4/1eed45061c68e67b39c1f6821e98d852.mp4,标准打飞机小骚货活正好
389,https://x.wuxoo4.com/mp4/951e4c5f814e828014bd0d4a2d00618f.mp4,干着骚货不断的狂叫
401,https://x.wuxoo4.com/mp4/d6c221871440f1c6b4d6d2f53ba7a028.mp4,骚货舔男人的大木棍
404,https://x.wuxoo4.com/mp4/86f9ec6322a168b1767e96c6a93df0a8.mp4,操的骚货嗷嗷的乱叫
404,https://x.wuxoo4.com/mp4/aa977be7057b32bf686997da34091215.mp4,开了个房把新来的小萝莉骚货日了
403,https://x.wuxoo4.com/mp4/c049cb42558d6a0ce15def7b47db70a1.mp4,老司机的大肉棒子摩擦的骚货
398,https://x.wuxoo4.com/mp4/9a43c885e22cb7d449e4be8ce27b9fc3.mp4,骚货叫我射在她的嘴里面
398,https://x.wuxoo4.com/mp4/e6569b1366dd1e3955c896a290f949f3.mp4,美胸小骚货日逼啪啪
405,https://x.wuxoo4.com/mp4/4c7ca5842141f19f6dc7852890800967.mp4,骚货被老公同事肆意玩弄白虎穴
405,https://x.wuxoo4.com/mp4/b3b91578d690a2c719a77fb202645a74.mp4,骚货被抽插尽情享受这种抽插的快感
405,https://x.wuxoo4.com/mp4/8933629a2030cb27e7b53d56650922bd.mp4,高跟鞋骚货色诱啪啪
405,https://x.wuxoo4.com/mp4/72d0cbaa074fe301948d567c6273da67.mp4,大屌哥为了屌骚货也是蛮拼的哟
407,https://x.wuxoo4.com/mp4/81f56f52d2ec82adc2b965f848ea6003.mp4,5P大战 骚货不断的跟男人口交
412,https://x.wuxoo4.com/mp4/4063156243bddb53dcc44d95c79d8944.mp4,巨乳骚货被舔的受不了含住男人鸡巴
412,https://x.wuxoo4.com/mp4/9724d0377d2f02b0efcfe5b87c1c379f.mp4,大鸡巴射在穴内 最后在骚货嘴里清理
412,https://x.wuxoo4.com/mp4/a3f9dc4aa1e9dc48f6f0af586dd58f2c.mp4,丝袜情趣内衣骚货 口交女上口爆
408,https://x.wuxoo4.com/mp4/955f2a63f70571645215844f5403070d.mp4,出差回来脱光裤子开始干骚货
408,https://x.wuxoo4.com/mp4/6ff113a0c7625554095db0f18bb09e4a.mp4,干的素女直接秒变骚货
408,https://x.wuxoo4.com/mp4/8a47d41e42ded3495cc938de7c225ee4.mp4,小骚货继父的大屌
414,https://x.wuxoo4.com/mp4/a7de348252bc1ee8a0d5ad0c70e65cac.mp4,射的骚货浑身是精液
415,https://x.wuxoo4.com/mp4/0d28e82737051a5530a37241ab4afd60.mp4,骚货不断的跟男人口交
430,https://x.wuxoo4.com/mp4/fb03522b18ea41a52661bc9ae0af1ddd.mp4,宾馆里跟骚货一起开始日
431,https://x.wuxoo4.com/mp4/26a1c162f2ab00ff79ddb548d1b45697.mp4,搞的骚货不断的发骚发浪
431,https://x.wuxoo4.com/mp4/6c6e3ff4c91ed6cf84431302d13e0047.mp4,插的一挺挺的干的骚货一阵乱叫
432,https://x.wuxoo4.com/mp4/55ecb679cf217642303f43b267eed765.mp4,干的骚货一直不断的浪叫
432,https://x.wuxoo4.com/mp4/659fc1db4b2294ef80e0cd35a69781a4.mp4,骚货咬着我的大屌不放
428,https://x.wuxoo4.com/mp4/f5c69815d17251a5cf9c545684b238fb.mp4,在泳池旁让骚货舔
428,https://x.wuxoo4.com/mp4/07de98400e2f203ba217ab2a3538bc1b.mp4,喜欢轮上的骚货学生
428,https://x.wuxoo4.com/mp4/d23a647888f44c9f97a8fc3711463d9f.mp4,骚货被狂射不止
428,https://x.wuxoo4.com/mp4/4a2102109b4a884f7950877ef181bf77.mp4,骚货给男友舔超爽
440,https://x.wuxoo4.com/mp4/2452b979daebf79aab9b0dbdb94b5d5f.mp4,微信认识的小骚货激情3P
440,https://x.wuxoo4.com/mp4/3674b13c723a435fdafaa39078ec039f.mp4,叫声很诱人的骚货身材真棒
440,https://x.wuxoo4.com/mp4/d5ef5d388dbf3b9692ee429d9030c809.mp4,骚货和朋友逛街吃饭却被奸
429,https://x.wuxoo4.com/mp4/0556dc9f2a3b4be47c11efa97e683ab5.mp4,骚货的小阴唇三人都很爽很嗨
429,https://x.wuxoo4.com/mp4/64feb9cea4563199d56f006e91be8be8.mp4,轮流上骚货 两根木棒忙的不亦乐乎
429,https://x.wuxoo4.com/mp4/1ab4ff05bb1d6133b6fecd987cbe9cc5.mp4,让骚货的两个洞都塞满了
429,https://x.wuxoo4.com/mp4/16b10df281764c066eb8f816e572d051.mp4,贴着膏药的巨乳骚货奋战不止
436,https://x.wuxoo4.com/mp4/31d8244ea97eb2eed9889e36f76fca9a.mp4,白皙巨乳骚货 薄纱内裤下的搔穴
436,https://x.wuxoo4.com/mp4/55762cae0b58d5b0b83cd9401ac9fd0d.mp4,小骚货把淫根舔硬就为插入
441,https://x.wuxoo4.com/mp4/c4ee413cb8d167c40cd6c1901a3ef983.mp4,网袜骚货战三屌 精液射满脸
441,https://x.wuxoo4.com/mp4/23728517740e131c1bdb3607da48cbd4.mp4,用手指试探吃屌骚货的深度
441,https://x.wuxoo4.com/mp4/e84860d88bb18469670ff125e160b223.mp4,洗澡时 来自巨乳骚货的勾引
438,https://x.wuxoo4.com/mp4/ed4f9e1d7912f3eb1e19f957675e5abf.mp4,操骚货小姨子很放得开一直叫姐夫
445,https://x.wuxoo4.com/mp4/9a6cb361d5004b1b9d2bf3059d1bb96e.mp4,小骚货穿比基尼给男友口暴
446,https://x.wuxoo4.com/mp4/af5114f9d562350f3fe8e4d65687c7ba.mp4,先带到厕所口暴后狂操骚货
451,https://x.wuxoo4.com/mp4/100ed83677f9793316dff0115cb5276a.mp4,姐夫爆操骚货小姨子的微毛小嫩逼
461,https://x.wuxoo4.com/mp4/0fc338fdf0f7d9f293718b19d47e5b84.mp4,极品身材骚货在家大鸡巴安慰
461,https://x.wuxoo4.com/mp4/66c592647e0c0f6a2ff48678f433922a.mp4,后入98年小骚货女友出白浆
460,https://x.wuxoo4.com/mp4/bea83d2106e390e1cbdfee703034d07f.mp4,穿着情趣内裤直接内射小骚货
463,https://x.wuxoo4.com/mp4/ad7d342c634fe18452e3ee0baaf33ae5.mp4,一骚货同事伺候三个大鸡吧男人
467,https://x.wuxoo4.com/mp4/4c57afd2162fe6ad57a95495137351fa.mp4,两个人才能满足骚货医生
472,https://x.wuxoo4.com/mp4/d65477f0d66c7e9c009cfb66026fdcf9.mp4,疯狂3P爆操骚浪丝袜淫妻 两个J8轮操红肚兜小骚货 能让“耳朵怀孕”的绝世叫床完美露脸高清完整版
468,https://x.wuxoo4.com/mp4/8d472446808ce169b04605ddc15be2fb.mp4,花园大战嫩穴骚货
